<?xml version="1.0" encoding="UTF-8"?>
<config xmlns="http://www.knime.org/2008/09/XMLConfig" xmlns:xsi="http://www.w3.org/2001/XMLSchema-instance" xsi:schemaLocation="http://www.knime.org/2008/09/XMLConfig http://www.knime.org/XMLConfig_2008_09.xsd" key="aggregation-meta.xml">
<config key=":Port_0">
<entry key="distance-instance-uuid" type="xstring" value="572e485d-e6ad-4c4c-8ead-a127edb2fabd"/>
<config key="distance-spec">
<entry key="distance-spec-version" type="xstring" value="1"/>
<config key="columns">
<entry key="array-size" type="xint" value="1"/>
<entry key="0" type="xstring" value="LINE"/>
</config>
<config key="distance-characteristics">
<entry key="array-size" type="xint" value="2"/>
<entry key="0" type="xstring" value="FAIL_ON_MISSING_VALUES"/>
<entry key="1" type="xstring" value="METRIC"/>
</config>
<entry key="distance-measure-type" type="xstring" value="org.knime.distance.measure.string.levenshtein.LevenshteinDistanceFactory"/>
</config>
</config>
<config key=":Port_1">
<entry key="distance-instance-uuid" type="xstring" value="4b120da0-4dc9-4d62-8f3b-2347b9359c8f"/>
<config key="distance-spec">
<entry key="distance-spec-version" type="xstring" value="1"/>
<config key="columns">
<entry key="array-size" type="xint" value="1"/>
<entry key="0" type="xstring" value="STOPNAME"/>
</config>
<config key="distance-characteristics">
<entry key="array-size" type="xint" value="2"/>
<entry key="0" type="xstring" value="FAIL_ON_MISSING_VALUES"/>
<entry key="1" type="xstring" value="METRIC"/>
</config>
<entry key="distance-measure-type" type="xstring" value="org.knime.distance.measure.string.levenshtein.LevenshteinDistanceFactory"/>
</config>
</config>
</config>
