<?xml version="1.0" encoding="UTF-8"?>
<config xmlns="http://www.knime.org/2008/09/XMLConfig" xmlns:xsi="http://www.w3.org/2001/XMLSchema-instance" xsi:schemaLocation="http://www.knime.org/2008/09/XMLConfig http://www.knime.org/XMLConfig_2008_09.xsd" key="model.xml">
<entry key="version" type="xint" value="1"/>
<entry key="class_name" type="xstring" value="org.knime.base.data.normalize.NormalizerPortObject"/>
<config key="model">
<config key="columns">
<config key="routeid">
<entry key="column_name" type="xstring" value="routeid"/>
<entry key="column_scale" type="xdouble" value="0.060309226167953554"/>
<entry key="column_translate" type="xdouble" value="-15.462934093973363"/>
<entry key="column_min" type="xdouble" value="NaN"/>
<entry key="column_max" type="xdouble" value="NaN"/>
</config>
<config key="lineid">
<entry key="column_name" type="xstring" value="lineid"/>
<entry key="column_scale" type="xdouble" value="1.999820969637505"/>
<entry key="column_translate" type="xdouble" value="-0.9631039639051799"/>
<entry key="column_min" type="xdouble" value="NaN"/>
<entry key="column_max" type="xdouble" value="NaN"/>
</config>
<config key="linename">
<entry key="column_name" type="xstring" value="linename"/>
<entry key="column_scale" type="xdouble" value="0.001494435039813423"/>
<entry key="column_translate" type="xdouble" value="-151.1811606159638"/>
<entry key="column_min" type="xdouble" value="NaN"/>
<entry key="column_max" type="xdouble" value="NaN"/>
</config>
<config key="stopid">
<entry key="column_name" type="xstring" value="stopid"/>
<entry key="column_scale" type="xdouble" value="0.007396387824103235"/>
<entry key="column_translate" type="xdouble" value="-296.52664440594214"/>
<entry key="column_min" type="xdouble" value="NaN"/>
<entry key="column_max" type="xdouble" value="NaN"/>
</config>
<config key="stopsequence">
<entry key="column_name" type="xstring" value="stopsequence"/>
<entry key="column_scale" type="xdouble" value="0.14068737446244786"/>
<entry key="column_translate" type="xdouble" value="-1.5335355372770192"/>
<entry key="column_min" type="xdouble" value="NaN"/>
<entry key="column_max" type="xdouble" value="NaN"/>
</config>
</config>
<entry key="summary" type="xstring" value="Z-Score (Gaussian) normalization on 5 column(s)"/>
</config>
</config>
