<?xml version="1.0" encoding="UTF-8"?>
<config xmlns="http://www.knime.org/2008/09/XMLConfig" xmlns:xsi="http://www.w3.org/2001/XMLSchema-instance" xsi:schemaLocation="http://www.knime.org/2008/09/XMLConfig http://www.knime.org/XMLConfig_2008_09.xsd" key="aggregation-meta.xml">
<config key=":Port_0">
<entry key="distance-instance-uuid" type="xstring" value="9d74e40e-a831-4d57-9dac-5c1f8cc40a97"/>
<config key="distance-spec">
<entry key="distance-spec-version" type="xstring" value="1"/>
<config key="columns">
<entry key="array-size" type="xint" value="1"/>
<entry key="0" type="xstring" value="LINE"/>
</config>
<config key="distance-characteristics">
<entry key="array-size" type="xint" value="2"/>
<entry key="0" type="xstring" value="FAIL_ON_MISSING_VALUES"/>
<entry key="1" type="xstring" value="METRIC"/>
</config>
<entry key="distance-measure-type" type="xstring" value="org.knime.distance.measure.string.levenshtein.LevenshteinDistanceFactory"/>
</config>
</config>
<config key=":Port_1">
<entry key="distance-instance-uuid" type="xstring" value="fb8eb129-2d45-4cf7-9969-7a44fec6b1bb"/>
<config key="distance-spec">
<entry key="distance-spec-version" type="xstring" value="1"/>
<config key="columns">
<entry key="array-size" type="xint" value="1"/>
<entry key="0" type="xstring" value="STOPNAME"/>
</config>
<config key="distance-characteristics">
<entry key="array-size" type="xint" value="2"/>
<entry key="0" type="xstring" value="FAIL_ON_MISSING_VALUES"/>
<entry key="1" type="xstring" value="METRIC"/>
</config>
<entry key="distance-measure-type" type="xstring" value="org.knime.distance.measure.string.levenshtein.LevenshteinDistanceFactory"/>
</config>
</config>
</config>
